Model Name, Accuracy_train,Sensitivity_train,Specificity_train,ROC_AUC_train, ,Accuracy_external,Sensitivity_external,Specificity_external,ROC_AUC_external
 Naive Bayes,0.84593572778828,0.884831460674157,0.806297709923664,0.845564585298911,,0.844990548204159,0.860377358490566,0.829545454545455,0.84496140651801
 Random Forest,1,1,1,1,,0.882797731568998,0.890566037735849,0.875,0.882783018867925,,0.882797731568998,0.890566037735849,0.875,0.882783018867925
 SVM,0.864839319470699,0.894194756554307,0.834923664122137,0.864559210338222,,0.862003780718336,0.856603773584906,0.867424242424242,0.862014008004574
 SVM Radial,0.968336483931947,0.974719101123595,0.961832061068702,0.968275581096149,,0.886578449905482,0.883018867924528,0.890151515151515,0.886585191538022
 J48,0.917769376181474,0.945692883895131,0.889312977099237,0.917502930497184,,0.846880907372401,0.867924528301887,0.825757575757576,0.846841052029731
 ELM,1,1,1,1,,0.854442344045369,0.856603773584906,0.852272727272727,0.854438250428816
 Adaboost,1,1,1,1,,0.86578449905482,0.867924528301887,0.863636363636364,0.865780445969125
 KNN,0.905954631379962,0.911985018726592,0.899809160305344,0.905897089515968,,0.856332703213611,0.841509433962264,0.871212121212121,0.856360777587193
