Model Name, Accuracy_train,Sensitivity_train,Specificity_train,ROC_AUC_train, ,Accuracy_external,Sensitivity_external,Specificity_external,ROC_AUC_external
 Naive Bayes,0.882705479452055,0.936643835616438,0.828767123287671,0.882705479452055,,0.874570446735395,0.910652920962199,0.838487972508591,0.874570446735395
 Random Forest,1,1,1,1,,0.915807560137457,0.927835051546392,0.903780068728522,0.915807560137457
 SVM,0.897688356164384,0.909246575342466,0.886130136986301,0.897688356164384,,0.890034364261168,0.88659793814433,0.893470790378007,0.890034364261168
 SVM Radial,0.980308219178082,0.98458904109589,0.976027397260274,0.980308219178082,,0.907216494845361,0.914089347079038,0.900343642611684,0.907216494845361
 J48,0.924657534246575,0.915239726027397,0.934075342465753,0.924657534246575,,0.862542955326461,0.828178694158076,0.896907216494845,0.862542955326461
 ELM,1,1,1,1,,0.895189003436426,0.879725085910653,0.910652920962199,0.895189003436426
 Adaboost,1,1,1,1,,0.888316151202749,0.890034364261168,0.88659793814433,0.888316151202749
 KNN,0.916952054794521,0.912671232876712,0.921232876712329,0.916952054794521,,0.898625429553265,0.879725085910653,0.917525773195876,0.898625429553265
