Model Name, Accuracy_train,Sensitivity_train,Specificity_train,ROC_AUC_train, ,Accuracy_external,Sensitivity_external,Specificity_external,ROC_AUC_external
 Naive Bayes,0.898972602739726,0.910102739726027,0.887842465753425,0.898972602739726,,0.893470790378007,0.900343642611684,0.88659793814433,0.893470790378007
 Random Forest,1,1,1,1,,0.93127147766323,0.948453608247423,0.914089347079038,0.93127147766323
 SVM,0.910530821917808,0.922945205479452,0.898116438356164,0.910530821917808,,0.905498281786942,0.917525773195876,0.893470790378007,0.905498281786942
 SVM Radial,0.99486301369863,0.996575342465753,0.993150684931507,0.99486301369863,,0.924398625429553,0.951890034364261,0.896907216494845,0.924398625429553
 J48,0.976883561643836,0.979452054794521,0.974315068493151,0.976883561643836,,0.915807560137457,0.934707903780069,0.896907216494845,0.915807560137457
 ELM,0.894691780821918,0.903253424657534,0.886130136986301,0.894691780821918,,0.730240549828179,0.721649484536082,0.738831615120275,0.730240549828179
 Adaboost,1,1,1,1,,0.912371134020619,0.93127147766323,0.893470790378007,0.912371134020619
 KNN,0.692208904109589,0.670376712328767,0.714041095890411,0.692208904109589,,0.630584192439863,0.594501718213058,0.666666666666667,0.630584192439863
