Model Name, Accuracy_train,Sensitivity_train,Specificity_train,ROC_AUC_train, ,Accuracy_external,Sensitivity_external,Specificity_external,ROC_AUC_external,,,,,
 Naive Bayes,0.6643835616,0.7953767123,0.533390411,0.6643835616,,0.6512027491,0.7835051546,0.5189003436,0.6512027491,,,,,
 Random Forest,0.9940068493,0.9948630137,0.9931506849,0.9940068493,,0.7800687285,0.8041237113,0.7560137457,0.7800687285,,0.7800687285,0.8041237113,0.7560137457,0.7800687285
 SVM,0.7217465753,0.7517123288,0.6917808219,0.7217465753,,0.7096219931,0.7285223368,0.6907216495,0.7096219931,,,,,
 SVM Radial,0.7568493151,0.7397260274,0.7739726027,0.7568493151,,0.7199312715,0.7113402062,0.7285223368,0.7199312715,,,,,
 J48,0.8009417808,0.8176369863,0.7842465753,0.8009417808,,0.7319587629,0.7457044674,0.7182130584,0.7319587629,,,,,
 ELM,0.7889554795,0.7979452055,0.7799657534,0.7889554795,,0.6821305842,0.6563573883,0.7079037801,0.6821305842,,,,,
 Adaboost,0.9370719178,0.9229452055,0.9511986301,0.9370719178,,0.7560137457,0.7731958763,0.7388316151,0.7560137457,,,,,
 KNN,0.7628424658,0.7585616438,0.7671232877,0.7628424658,,0.6254295533,0.618556701,0.6323024055,0.6254295533,,,,,
