Model Name, Accuracy_train,Sensitivity_train,Specificity_train,ROC_AUC_train, ,Accuracy_external,Sensitivity_external,Specificity_external,ROC_AUC_external
 Naive Bayes,0.8827054795,0.9366438356,0.8287671233,0.8827054795,,0.8745704467,0.910652921,0.8384879725,0.8745704467
 Random Forest,1,1,1,1,,0.9158075601,0.9278350515,0.9037800687,0.9158075601
 SVM,0.8976883562,0.9092465753,0.886130137,0.8976883562,,0.8900343643,0.8865979381,0.8934707904,0.8900343643
 SVM Radial,0.9803082192,0.9845890411,0.9760273973,0.9803082192,,0.9072164948,0.9140893471,0.9003436426,0.9072164948
 J48,0.9246575342,0.915239726,0.9340753425,0.9246575342,,0.8625429553,0.8281786942,0.8969072165,0.8625429553
 ELM,1,1,1,1,,0.8951890034,0.8797250859,0.910652921,0.8951890034
 Adaboost,1,1,1,1,,0.8883161512,0.8900343643,0.8865979381,0.8883161512
 KNN,0.9169520548,0.9126712329,0.9212328767,0.9169520548,,0.8986254296,0.8797250859,0.9175257732,0.8986254296
